student_id,github_username
student01,kanika-git123
student02,ChauhanPratyush
student03,mleelavathi802-blip
student04,nisarahmed230
student05,JyotRB
student06,nirajapril7
student07,manubolu-connect
student08,Obupriya01
student09,suhassathish97
student10,CBaliga007
student11,nilanchalrauta
student12,keerthiselvaraj25
student13,kushwahasushil1993
student14,anishsr1729
student15,AshishP12
student16,Prathibha-yadav
student17,bahuguna-prat
student18,swagat-sinha
student19,sumit-sinha-04
student20,eswarsiva004
student21,almaskhanam96
student22,vishwa-github01
student23,rmalimath
student24,ChethanRohith
student25,Kaushik-FSD
student26,bhargav-102003
student27,Tharani0815
student28,BahubaliPersonalGit
student29,BhagyalakshmiAnna
student30,amanpandey-ap
